Math
Saurav Bhaumik- saurav@math.iitb.ac.in
Ashish Das- ashish@math.iitb.ac.in
Sudhir R. Ghorpade- srg@math.iitb.ac.in
Sudarshan R. Gurjar- sgurjar@math.iitb.ac.in
Manoj K. Keshari- keshari@math.iitb.ac.in
Madhusudan Manjunath- madhu@math.iitb.ac.in
Saikat Mazumdar- saikat@math.iitb.ac.in
Mayukh Mukherjee- mukherjee@math.iitb.ac.in
Siuli Mukhopadhyay- siuli@math.iitb.ac.in
Dipendra Prasad- dprasad@math.iitb.ac.in
Preeti Raman- preeti@math.iitb.ac.in
*Rekha Santhanam- reksan@math.iitb.ac.in
Sandip Singh- sandip@math.iitb.ac.in
A. Subramanyam- as@math.iitb.ac.in
Jugal K. Verma- jkv@math.iitb.ac.in

Electrical:
bgf@ee.iitb.ac.in
agarwal@ee.iitb.ac.in
sa@ee.iitb.ac.in
akumar@ee.iitb.ac.in
mshojaei@ee.iitb.ac.in
belur@iitb.ac.in
borkar@ee.iitb.ac.in
subho@ee.iitb.ac.in
mukul@iitb.ac.in
kishore@ee.iitb.ac.in
sc@ee.iitb.ac.in
madhav@ee.iitb.ac.in
sdgupta@ee.iitb.ac.in
sganguly@ee.iitb.ac.in
udayan@ee.iitb.ac.in
jjohn@ee.iitb.ac.in
kln@ee.iitb.ac.in
nikhilk@ee.iitb.ac.in
sak@ee.iitb.ac.in
gkumar@ee.iitb.ac.in
slodha@ee.iitb.ac.in
souvik@ee.iitb.ac.in
dmanju@ee.iitb.ac.in
sharayum@ee.iitb.ac.in
dm@ee.iitb.ac.in
pramodm@ee.iitb.ac.in
hn@ee.iitb.ac.in
mbpatil@ee.iitb.ac.in
hp@ee.iitb.ac.in
prao@ee.iitb.ac.in
rrao@ee.iitb.ac.in
dsaha@ee.iitb.ac.in
kasturi@ee.iitb.ac.in
dinesh@ee.iitb.ac.in
viren@ee.iitb.ac.in
stallur@ee.iitb.ac.in
vasi@ee.iitb.ac.in
sarva@ee.iitb.ac.in

Physics:
aslam@phy.iitb.ac.in
soumya.bera@phy.iitb.ac.in
varunb@iitb.ac.in
tomy@phy.iitb.ac.in
raghuhttps@phy.iitb.ac.in
pragya@phy.iitb.ac.in
dibyendu@phy.iitb.ac.in
dhar@phy.iitb.ac.in
gdixit@phy.iitb.ac.in
kdasgupta@phy.iitb.ac.in
dkabra@phy.iitb.ac.in
anshuman.kumar@phy.iitb.ac.in
suddho@phy.iitb.ac.in
asmita@phy.iitb.ac.in
amitabha@phy.iitb.ac.in
basanta@iitb.ac.in
ramadevi@phy.iitb.ac.in
asain@phy.iitb.ac.in
sunita.srivastava@phy.iitb.ac.in
suresh@phy.iitb.ac.in
uma@phy.iitb.ac.in
parinda@phy.iitb.ac.in
sai@phy.iitb.ac.in

CS
adsul@cse.iitb.ac.in
suyash@cse.iitb.ac.in
sharat@cse.iitb.ac.in
sidch@cse.iitb.ac.in
paragc@cse.iitb.ac.in
chebrolu@cse.iitb.ac.in
akg@cse.iitb.ac.in
rgurjar@cse.iitb.ac.in
sri@it.iitb.ac.in
shivaram@cse.iitb.ac.in
puru@cse.iitb.ac.in
vinayr@cse.iitb.ac.in

Chemistry

shobhnakapoor@chem.iitb.ac.in
sandipkar@chem.iitb.ac.in
nanditam@chem.iitb.ac.in
rmv@chem.iitb.ac.in
arnabdutta@chem.iitb.ac.in
pghosh@chem.iitb.ac.in
mathur@chem.iitb.ac.in
rajaraman@chem.iitb.ac.in
ravikanth@chem.iitb.ac.in
eswar@chem.iitb.ac.in
chhbsia@chem.iitb.ac.in

Biology
sanjeeva@iitb.ac.in
akunwar@iitb.ac.in
jayadeva@iitb.ac.in
sandipk@iitb.ac.in
debjani.paul@iitb.ac.in
purwarrahul@iitb.ac.in
nsp@iitb.ac.in
prakriti@iitb.ac.in
